label,year,word1,word2,word3,word4,word5,word6,word7,word8,word9,word10,word11,word12,word13,word14,word15,word16,word17,word18,word19,word20,word21,word22,word23,word24,word25,word26,word27,word28,word29,word30,word31,word32,word33,word34,word35,word36,word37,word38,word39,word40,word41,word42,word43,word44,word45,word46,word47,word48,word49,word50,word51,word52,word53,word54,word55,word56,word57,word58,word59,word60,word61,word62,word63,word64,word65,word66,word67,word68,word69,word70,word71,word72,word73,word74,word75,word76,word77,word78,word79,word80,word81,word82,word83,word84,word85,word86,word87,word88,word89,word90,word91,word92,word93,word94,word95,word96,word97,word98,word99,word100,word101,word102,word103,word104,word105,word106,word107,word108,word109,word110,word111,word112,word113,word114,word115,word116,word117,word118,word119,word120,word121,word122,word123,word124,word125,word126,word127,word128,word129,word130,word131,word132,word133,word134,word135,word136,word137,word138,word139,word140,word141,word142,word143,word144,word145,word146,word147,word148,word149,word150,word151,word152,word153,word154,word155,word156,word157,word158,word159,word160,word161,word162,word163,word164,word165,word166,word167,word168,word169,word170,word171
fraud,2015,hello,i,m,bank,manager,of,sbi,ur,debit,card,is,about,to,expire,would,u,want,to,issue,new,card,,,,,,,,,,,,,,,,,,,,,,,,,,,,,,,,,,,,,,,,,,,,,,,,,,,,,,,,,,,,,,,,,,,,,,,,,,,,,,,,,,,,,,,,,,,,,,,,,,,,,,,,,,,,,,,,,,,,,,,,,,,,,,,,,,,,,,,,,,,,,,,,,,,,,,
fraud,2015,todays,vodafone,numbers,ending,with,4882,are,selected,to,a,receive,a,350,award,if,your,number,matches,call,09064019014,to,receive,your,350,award,,,,,,,,,,,,,,,,,,,,,,,,,,,,,,,,,,,,,,,,,,,,,,,,,,,,,,,,,,,,,,,,,,,,,,,,,,,,,,,,,,,,,,,,,,,,,,,,,,,,,,,,,,,,,,,,,,,,,,,,,,,,,,,,,,,,,,,,,,,,,,,,,,
normal,2012,please,don't,say,like,that,hi,hi,hi,,,,,,,,,,,,,,,,,,,,,,,,,,,,,,,,,,,,,,,,,,,,,,,,,,,,,,,,,,,,,,,,,,,,,,,,,,,,,,,,,,,,,,,,,,,,,,,,,,,,,,,,,,,,,,,,,,,,,,,,,,,,,,,,,,,,,,,,,,,,,,,,,,,,,,,,,,,,,,,,,,,
normal,2010,thank,you,,,,,,,,,,,,,,,,,,,,,,,,,,,,,,,,,,,,,,,,,,,,,,,,,,,,,,,,,,,,,,,,,,,,,,,,,,,,,,,,,,,,,,,,,,,,,,,,,,,,,,,,,,,,,,,,,,,,,,,,,,,,,,,,,,,,,,,,,,,,,,,,,,,,,,,,,,,,,,,,,,,,,,,,,
normal,2010,oh,that,was,a,forwarded,message,i,thought,you,send,that,to,me,,,,,,,,,,,,,,,,,,,,,,,,,,,,,,,,,,,,,,,,,,,,,,,,,,,,,,,,,,,,,,,,,,,,,,,,,,,,,,,,,,,,,,,,,,,,,,,,,,,,,,,,,,,,,,,,,,,,,,,,,,,,,,,,,,,,,,,,,,,,,,,,,,,,,,,,,,,,,,
normal,2010,got,it,seventeen,pounds,for,seven,hundred,ml,hope,ok,,,,,,,,,,,,,,,,,,,,,,,,,,,,,,,,,,,,,,,,,,,,,,,,,,,,,,,,,,,,,,,,,,,,,,,,,,,,,,,,,,,,,,,,,,,,,,,,,,,,,,,,,,,,,,,,,,,,,,,,,,,,,,,,,,,,,,,,,,,,,,,,,,,,,,,,,,,,,,,,,
normal,2011,me,and,him,so,funny,,,,,,,,,,,,,,,,,,,,,,,,,,,,,,,,,,,,,,,,,,,,,,,,,,,,,,,,,,,,,,,,,,,,,,,,,,,,,,,,,,,,,,,,,,,,,,,,,,,,,,,,,,,,,,,,,,,,,,,,,,,,,,,,,,,,,,,,,,,,,,,,,,,,,,,,,,,,,,,,,,,,,,
normal,2013,sweetheart,hope,you,are,not,having,that,kind,of,day,have,one,with,loads,of,reasons,to,smile,biola,,,,,,,,,,,,,,,,,,,,,,,,,,,,,,,,,,,,,,,,,,,,,,,,,,,,,,,,,,,,,,,,,,,,,,,,,,,,,,,,,,,,,,,,,,,,,,,,,,,,,,,,,,,,,,,,,,,,,,,,,,,,,,,,,,,,,,,,,,,,,,,,,,,,,,,,
normal,2014,when,you,login,date,time,dad,fetching,you,home,now,,,,,,,,,,,,,,,,,,,,,,,,,,,,,,,,,,,,,,,,,,,,,,,,,,,,,,,,,,,,,,,,,,,,,,,,,,,,,,,,,,,,,,,,,,,,,,,,,,,,,,,,,,,,,,,,,,,,,,,,,,,,,,,,,,,,,,,,,,,,,,,,,,,,,,,,,,,,,,,,,
normal,2014,what,will,we,do,in,the,shower,baby,,,,,,,,,,,,,,,,,,,,,,,,,,,,,,,,,,,,,,,,,,,,,,,,,,,,,,,,,,,,,,,,,,,,,,,,,,,,,,,,,,,,,,,,,,,,,,,,,,,,,,,,,,,,,,,,,,,,,,,,,,,,,,,,,,,,,,,,,,,,,,,,,,,,,,,,,,,,,,,,,,,
normal,2015,i,had,askd,u,a,question,some,hours,before,its,answer,,,,,,,,,,,,,,,,,,,,,,,,,,,,,,,,,,,,,,,,,,,,,,,,,,,,,,,,,,,,,,,,,,,,,,,,,,,,,,,,,,,,,,,,,,,,,,,,,,,,,,,,,,,,,,,,,,,,,,,,,,,,,,,,,,,,,,,,,,,,,,,,,,,,,,,,,,,,,,,,
normal,2011,well,i,am,definitely,need,to,restock,before,thanksgiving,i'll,let,you,know,when,i'm,out,,,,,,,,,,,,,,,,,,,,,,,,,,,,,,,,,,,,,,,,,,,,,,,,,,,,,,,,,,,,,,,,,,,,,,,,,,,,,,,,,,,,,,,,,,,,,,,,,,,,,,,,,,,,,,,,,,,,,,,,,,,,,,,,,,,,,,,,,,,,,,,,,,,,,,,,,,,
normal,2013,said,kiss,kiss,i,can't,do,the,sound,effects,he,is,a,gorgeous,man,isn't,he,kind,of,person,who,needs,a,smile,to,brighten,his,day,,,,,,,,,,,,,,,,,,,,,,,,,,,,,,,,,,,,,,,,,,,,,,,,,,,,,,,,,,,,,,,,,,,,,,,,,,,,,,,,,,,,,,,,,,,,,,,,,,,,,,,,,,,,,,,,,,,,,,,,,,,,,,,,,,,,,,,,,,,,,,,,
normal,2011,probably,gonna,swing,by,in,a,wee,bit,,,,,,,,,,,,,,,,,,,,,,,,,,,,,,,,,,,,,,,,,,,,,,,,,,,,,,,,,,,,,,,,,,,,,,,,,,,,,,,,,,,,,,,,,,,,,,,,,,,,,,,,,,,,,,,,,,,,,,,,,,,,,,,,,,,,,,,,,,,,,,,,,,,,,,,,,,,,,,,,,,,
normal,2010,ya,very,nice,be,ready,on,thursday,,,,,,,,,,,,,,,,,,,,,,,,,,,,,,,,,,,,,,,,,,,,,,,,,,,,,,,,,,,,,,,,,,,,,,,,,,,,,,,,,,,,,,,,,,,,,,,,,,,,,,,,,,,,,,,,,,,,,,,,,,,,,,,,,,,,,,,,,,,,,,,,,,,,,,,,,,,,,,,,,,,,
normal,2014,allo,we,have,braved,the,buses,and,taken,on,the,trains,and,triumphed,i,mean,were,in,bham,have,a,jolly,good,rest,of,week,,,,,,,,,,,,,,,,,,,,,,,,,,,,,,,,,,,,,,,,,,,,,,,,,,,,,,,,,,,,,,,,,,,,,,,,,,,,,,,,,,,,,,,,,,,,,,,,,,,,,,,,,,,,,,,,,,,,,,,,,,,,,,,,,,,,,,,,,,,,,,,,,,
normal,2010,watching,cartoon,listening,music,amp,at,eve,had,to,go,temple,amp,church,what,about,you,,,,,,,,,,,,,,,,,,,,,,,,,,,,,,,,,,,,,,,,,,,,,,,,,,,,,,,,,,,,,,,,,,,,,,,,,,,,,,,,,,,,,,,,,,,,,,,,,,,,,,,,,,,,,,,,,,,,,,,,,,,,,,,,,,,,,,,,,,,,,,,,,,,,,,,,,,,
normal,2010,do,you,mind,if,i,ask,what,happened,you,don't,have,to,say,if,it,is,uncomfortable,,,,,,,,,,,,,,,,,,,,,,,,,,,,,,,,,,,,,,,,,,,,,,,,,,,,,,,,,,,,,,,,,,,,,,,,,,,,,,,,,,,,,,,,,,,,,,,,,,,,,,,,,,,,,,,,,,,,,,,,,,,,,,,,,,,,,,,,,,,,,,,,,,,,,,,,,,
normal,2013,no,problem,i,will,send,to,your,email,,,,,,,,,,,,,,,,,,,,,,,,,,,,,,,,,,,,,,,,,,,,,,,,,,,,,,,,,,,,,,,,,,,,,,,,,,,,,,,,,,,,,,,,,,,,,,,,,,,,,,,,,,,,,,,,,,,,,,,,,,,,,,,,,,,,,,,,,,,,,,,,,,,,,,,,,,,,,,,,,,,
fraud,2014,you,have,won,1000,cash,or,a,2000,prize,to,claim,call,09050000327,,,,,,,,,,,,,,,,,,,,,,,,,,,,,,,,,,,,,,,,,,,,,,,,,,,,,,,,,,,,,,,,,,,,,,,,,,,,,,,,,,,,,,,,,,,,,,,,,,,,,,,,,,,,,,,,,,,,,,,,,,,,,,,,,,,,,,,,,,,,,,,,,,,,,,,,,,,,,,
normal,2015,thats,cool,sometimes,slow,and,gentle,sometimes,rough,and,hard,,,,,,,,,,,,,,,,,,,,,,,,,,,,,,,,,,,,,,,,,,,,,,,,,,,,,,,,,,,,,,,,,,,,,,,,,,,,,,,,,,,,,,,,,,,,,,,,,,,,,,,,,,,,,,,,,,,,,,,,,,,,,,,,,,,,,,,,,,,,,,,,,,,,,,,,,,,,,,,,,
normal,2012,i'm,gonna,say,no,sorry,i,would,but,as,normal,am,starting,to,panic,about,time,sorry,again,are,you,seeing,on,tuesday,,,,,,,,,,,,,,,,,,,,,,,,,,,,,,,,,,,,,,,,,,,,,,,,,,,,,,,,,,,,,,,,,,,,,,,,,,,,,,,,,,,,,,,,,,,,,,,,,,,,,,,,,,,,,,,,,,,,,,,,,,,,,,,,,,,,,,,,,,,,,,,,,,,,
fraud,2015,hello,sir,i,am,from,jio,customer,care,in,23,hours,your,sim,will,be,closed,do,u,want,to,activate,it,,,,,,,,,,,,,,,,,,,,,,,,,,,,,,,,,,,,,,,,,,,,,,,,,,,,,,,,,,,,,,,,,,,,,,,,,,,,,,,,,,,,,,,,,,,,,,,,,,,,,,,,,,,,,,,,,,,,,,,,,,,,,,,,,,,,,,,,,,,,,,,,,,,,,
fraud,2013,hello,sir,i,am,from,airtel,customer,care,in,23,hours,your,sim,will,be,closed,do,u,want,to,activate,it,,,,,,,,,,,,,,,,,,,,,,,,,,,,,,,,,,,,,,,,,,,,,,,,,,,,,,,,,,,,,,,,,,,,,,,,,,,,,,,,,,,,,,,,,,,,,,,,,,,,,,,,,,,,,,,,,,,,,,,,,,,,,,,,,,,,,,,,,,,,,,,,,,,,,
fraud,2013,hello,sir,i,am,from,idea,customer,care,in,23,hours,your,sim,will,be,closed,do,u,want,to,activate,it,,,,,,,,,,,,,,,,,,,,,,,,,,,,,,,,,,,,,,,,,,,,,,,,,,,,,,,,,,,,,,,,,,,,,,,,,,,,,,,,,,,,,,,,,,,,,,,,,,,,,,,,,,,,,,,,,,,,,,,,,,,,,,,,,,,,,,,,,,,,,,,,,,,,,
fraud,2011,hello,sir,i,am,from,vodafone,customer,care,in,23,hours,your,sim,will,be,closed,do,u,want,to,activate,it,,,,,,,,,,,,,,,,,,,,,,,,,,,,,,,,,,,,,,,,,,,,,,,,,,,,,,,,,,,,,,,,,,,,,,,,,,,,,,,,,,,,,,,,,,,,,,,,,,,,,,,,,,,,,,,,,,,,,,,,,,,,,,,,,,,,,,,,,,,,,,,,,,,,,
fraud,2011,hello,sir,i,am,from,bsnl,customer,care,in,23,hours,your,sim,will,be,closed,do,u,want,to,activate,it,,,,,,,,,,,,,,,,,,,,,,,,,,,,,,,,,,,,,,,,,,,,,,,,,,,,,,,,,,,,,,,,,,,,,,,,,,,,,,,,,,,,,,,,,,,,,,,,,,,,,,,,,,,,,,,,,,,,,,,,,,,,,,,,,,,,,,,,,,,,,,,,,,,,,
fraud,2011,hello,sir,i,am,from,mtnl,customer,care,in,23,hours,your,sim,will,be,closed,do,u,want,to,activate,it,,,,,,,,,,,,,,,,,,,,,,,,,,,,,,,,,,,,,,,,,,,,,,,,,,,,,,,,,,,,,,,,,,,,,,,,,,,,,,,,,,,,,,,,,,,,,,,,,,,,,,,,,,,,,,,,,,,,,,,,,,,,,,,,,,,,,,,,,,,,,,,,,,,,,
fraud,2013,hello,sir,i,am,from,jio,customer,care,in,23,hours,your,sim,will,be,deactivate,do,u,want,to,activate,it,,,,,,,,,,,,,,,,,,,,,,,,,,,,,,,,,,,,,,,,,,,,,,,,,,,,,,,,,,,,,,,,,,,,,,,,,,,,,,,,,,,,,,,,,,,,,,,,,,,,,,,,,,,,,,,,,,,,,,,,,,,,,,,,,,,,,,,,,,,,,,,,,,,,,
fraud,2015,hello,sir,i,am,from,airtel,customer,care,in,23,hours,your,sim,will,be,deactivate,do,u,want,to,activate,it,,,,,,,,,,,,,,,,,,,,,,,,,,,,,,,,,,,,,,,,,,,,,,,,,,,,,,,,,,,,,,,,,,,,,,,,,,,,,,,,,,,,,,,,,,,,,,,,,,,,,,,,,,,,,,,,,,,,,,,,,,,,,,,,,,,,,,,,,,,,,,,,,,,,,
fraud,2015,hello,sir,i,am,from,idea,customer,care,in,23,hours,your,sim,will,be,deactivate,do,u,want,to,activate,it,,,,,,,,,,,,,,,,,,,,,,,,,,,,,,,,,,,,,,,,,,,,,,,,,,,,,,,,,,,,,,,,,,,,,,,,,,,,,,,,,,,,,,,,,,,,,,,,,,,,,,,,,,,,,,,,,,,,,,,,,,,,,,,,,,,,,,,,,,,,,,,,,,,,,
fraud,2012,hello,sir,i,am,from,vodafone,customer,care,in,23,hours,your,sim,will,be,deactivate,do,u,want,to,activate,it,,,,,,,,,,,,,,,,,,,,,,,,,,,,,,,,,,,,,,,,,,,,,,,,,,,,,,,,,,,,,,,,,,,,,,,,,,,,,,,,,,,,,,,,,,,,,,,,,,,,,,,,,,,,,,,,,,,,,,,,,,,,,,,,,,,,,,,,,,,,,,,,,,,,,
fraud,2014,hello,sir,i,am,from,bsnl,customer,care,in,23,hours,your,sim,will,be,deactivate,do,u,want,to,activate,it,,,,,,,,,,,,,,,,,,,,,,,,,,,,,,,,,,,,,,,,,,,,,,,,,,,,,,,,,,,,,,,,,,,,,,,,,,,,,,,,,,,,,,,,,,,,,,,,,,,,,,,,,,,,,,,,,,,,,,,,,,,,,,,,,,,,,,,,,,,,,,,,,,,,,
fraud,2013,hello,sir,i,am,from,jio,customer,care,center,we,are,doing,verification,of,yours,number,that's,why,in,your,phone,four,digit,opt,will,have,send,tell,me,that,otp,,,,,,,,,,,,,,,,,,,,,,,,,,,,,,,,,,,,,,,,,,,,,,,,,,,,,,,,,,,,,,,,,,,,,,,,,,,,,,,,,,,,,,,,,,,,,,,,,,,,,,,,,,,,,,,,,,,,,,,,,,,,,,,,,,,,,,,,,,,,
fraud,2013,hello,sir,i,am,from,airtel,customer,care,center,we,are,doing,verification,of,yours,number,that's,why,in,your,phone,four,digit,opt,will,have,send,tell,me,that,otp,,,,,,,,,,,,,,,,,,,,,,,,,,,,,,,,,,,,,,,,,,,,,,,,,,,,,,,,,,,,,,,,,,,,,,,,,,,,,,,,,,,,,,,,,,,,,,,,,,,,,,,,,,,,,,,,,,,,,,,,,,,,,,,,,,,,,,,,,,,,
fraud,2014,hello,sir,i,am,from,idea,customer,care,center,we,are,doing,verification,of,yours,number,that's,why,in,your,phone,four,digit,opt,will,have,send,tell,me,that,otp,,,,,,,,,,,,,,,,,,,,,,,,,,,,,,,,,,,,,,,,,,,,,,,,,,,,,,,,,,,,,,,,,,,,,,,,,,,,,,,,,,,,,,,,,,,,,,,,,,,,,,,,,,,,,,,,,,,,,,,,,,,,,,,,,,,,,,,,,,,,
fraud,2014,hello,sir,i,am,from,vodafone,customer,care,center,we,are,doing,verification,of,yours,number,that's,why,in,your,phone,four,digit,opt,will,have,send,tell,me,that,otp,,,,,,,,,,,,,,,,,,,,,,,,,,,,,,,,,,,,,,,,,,,,,,,,,,,,,,,,,,,,,,,,,,,,,,,,,,,,,,,,,,,,,,,,,,,,,,,,,,,,,,,,,,,,,,,,,,,,,,,,,,,,,,,,,,,,,,,,,,,,
fraud,2015,hello,sir,i,am,from,bsnl,customer,care,center,we,are,doing,verification,of,yours,number,that's,why,in,your,phone,four,digit,opt,will,have,send,tell,me,that,otp,,,,,,,,,,,,,,,,,,,,,,,,,,,,,,,,,,,,,,,,,,,,,,,,,,,,,,,,,,,,,,,,,,,,,,,,,,,,,,,,,,,,,,,,,,,,,,,,,,,,,,,,,,,,,,,,,,,,,,,,,,,,,,,,,,,,,,,,,,,,
fraud,2010,hello,sir,this,is,your,hdfc,bank,manager,your,kyc,has,been,expiredso,you,have,to,kyc,your,self,but,due,to,covid,setuation,we,are,doing,kyc,online,pleae,tell,me,your,account,detail,,,,,,,,,,,,,,,,,,,,,,,,,,,,,,,,,,,,,,,,,,,,,,,,,,,,,,,,,,,,,,,,,,,,,,,,,,,,,,,,,,,,,,,,,,,,,,,,,,,,,,,,,,,,,,,,,,,,,,,,,,,,,,,,,,,,,,,,
fraud,2010,hello,sir,this,is,your,icici,bank,manager,your,kyc,has,been,expiredso,you,shave,to,kyc,your,self,but,due,to,covid,setuation,we,are,doing,kyc,online,pleae,tell,me,your,account,detail,,,,,,,,,,,,,,,,,,,,,,,,,,,,,,,,,,,,,,,,,,,,,,,,,,,,,,,,,,,,,,,,,,,,,,,,,,,,,,,,,,,,,,,,,,,,,,,,,,,,,,,,,,,,,,,,,,,,,,,,,,,,,,,,,,,,,,,,
fraud,2015,hello,sir,this,is,your,axis,bank,manager,your,kyc,has,been,expiredso,you,have,to,kyc,your,self,but,due,to,covid,setuation,we,are,doing,kyc,online,pleae,tell,me,your,account,detail,,,,,,,,,,,,,,,,,,,,,,,,,,,,,,,,,,,,,,,,,,,,,,,,,,,,,,,,,,,,,,,,,,,,,,,,,,,,,,,,,,,,,,,,,,,,,,,,,,,,,,,,,,,,,,,,,,,,,,,,,,,,,,,,,,,,,,,,
fraud,2015,hello,sir,this,is,your,uniun,bank,manager,your,kyc,has,been,expiredso,you,have,to,kyc,your,self,but,due,to,covid,setuation,we,are,doing,kyc,online,pleae,tell,me,your,account,detail,,,,,,,,,,,,,,,,,,,,,,,,,,,,,,,,,,,,,,,,,,,,,,,,,,,,,,,,,,,,,,,,,,,,,,,,,,,,,,,,,,,,,,,,,,,,,,,,,,,,,,,,,,,,,,,,,,,,,,,,,,,,,,,,,,,,,,,,
fraud,2014,hello,sir,this,is,your,sbi,bank,manager,your,kyc,has,been,expiredso,you,have,to,kyc,your,self,but,due,to,covid,setuation,we,are,doing,kyc,online,pleae,tell,me,your,account,detail,,,,,,,,,,,,,,,,,,,,,,,,,,,,,,,,,,,,,,,,,,,,,,,,,,,,,,,,,,,,,,,,,,,,,,,,,,,,,,,,,,,,,,,,,,,,,,,,,,,,,,,,,,,,,,,,,,,,,,,,,,,,,,,,,,,,,,,,
